1a,2
1a,1
1a,4
1a,3
1b,7
1b,5
1b,6
1b,8
1c,2
1c,1
1c,4
1c,3
1d,7
1d,5
1d,6
1d,8
2a,11
2a,12
2a,9
2a,10
2b,11
2b,12
2b,9
2b,10
2c,11
2c,12
2c,9
2c,10
2d,12
2d,14
2d,9
2d,13
3a,17
3a,16
3a,15
3b,17
3b,16
3b,15
3c,17
3c,16
3c,15
4a,19
4a,18
4a,20
4a,15
4b,19
4b,18
4b,20
4b,15
4c,19
4c,18
4c,20
4c,15
5a,24
5a,23
5a,21
5a,22
5b,28
5b,27
5b,25
5b,26
5c,30
5c,29
5c,31
5c,32
6a,33
6a,35
6a,36
6a,34
6b,38
6b,40
6b,39
6b,37
6c,33
6c,35
6c,36
6c,34
6d,38
6d,40
6d,39
6d,37
6e,33
6e,35
6e,36
6e,34
6f,38
6f,40
6f,39
6f,37
7a,42
7a,44
7a,45
7a,41
7a,47
7a,43
7a,46
7b,42
7b,44
7b,45
7b,41
7b,47
7b,43
7b,46
7c,54
7c,53
7c,50
7c,51
7c,48
7c,49
7c,52
8a,55
8a,59
8a,58
8a,60
8a,56
8a,57
8b,62
8b,61
8b,66
8b,65
8b,63
8b,64
8c,68
8c,69
8c,71
8c,70
8c,67
8c,72
8d,73
8d,74
8d,76
8d,70
8d,75
8d,77
9a,81
9a,84
9a,83
9a,78
9a,82
9a,79
9a,80
9b,89
9b,86
9b,91
9b,88
9b,87
9b,90
9b,85
9c,92
9c,96
9c,94
9c,97
9c,93
9c,98
9c,95
9d,102
9d,100
9d,103
9d,99
9d,101
9d,105
9d,104
10a,108
10a,107
10a,110
10a,106
10a,111
10a,109
10b,108
10b,107
10b,110
10b,106
10b,111
10b,109
10c,113
10c,114
10c,70
10c,116
10c,112
10c,115
11a,122
11a,117
11a,123
11a,121
11a,119
11a,120
11a,118
11b,124
11b,128
11b,127
11b,130
11b,125
11b,129
11b,126
11c,134
11c,131
11c,136
11c,137
11c,132
11c,135
11c,133
11d,138
11d,131
11d,139
11d,142
11d,140
11d,141
11d,132
12a,148
12a,143
12a,147
12a,146
12a,145
12a,144
12a,149
12b,151
12b,5
12b,153
12b,154
12b,152
12b,155
12b,150
12c,157
12c,158
12c,156
12c,161
12c,162
12c,160
12c,159
13a,166
13a,167
13a,169
13a,170
13a,165
13a,168
13a,164
13a,163
13b,173
13b,175
13b,171
13b,163
13b,176
13b,174
13b,164
13b,172
13c,173
13c,175
13c,171
13c,163
13c,176
13c,174
13c,164
13c,172
13d,177
13d,166
13d,167
13d,169
13d,165
13d,168
13d,164
13d,163
14a,184
14a,181
14a,180
14a,179
14a,178
14a,182
14a,183
14b,191
14b,185
14b,186
14b,189
14b,188
14b,187
14b,190
14c,195
14c,198
14c,196
14c,197
14c,193
14c,194
14c,192
15a,201
15a,199
15a,206
15a,204
15a,205
15a,202
15a,200
15a,203
15b,209
15b,210
15b,213
15b,212
15b,211
15b,214
15b,207
15b,208
15c,219
15c,215
15c,221
15c,218
15c,222
15c,217
15c,220
15c,216
15d,230
15d,229
15d,226
15d,228
15d,224
15d,227
15d,223
15d,225
16a,232
16a,9
16a,231
16a,233
16a,14
16a,12
16a,13
16b,232
16b,9
16b,231
16b,233
16b,14
16b,12
16b,13
16c,232
16c,9
16c,231
16c,233
16c,14
16c,12
16c,13
16d,232
16d,9
16d,231
16d,233
16d,14
16d,12
16d,13
17a,232
17a,9
17a,231
17a,14
17a,12
17a,13
17b,237
17b,236
17b,9
17b,234
17b,238
17b,235
17c,237
17c,236
17c,9
17c,234
17c,238
17c,235
17d,237
17d,236
17d,9
17d,234
17d,238
17d,235
17e,232
17e,9
17e,231
17e,14
17e,12
17e,13
17f,13
17f,9
17f,241
17f,239
17f,238
17f,240
18a,244
18a,246
18a,245
18a,247
18a,242
18a,243
18b,251
18b,248
18b,252
18b,143
18b,249
18b,250
18c,255
18c,254
18c,253
18c,242
18c,256
18c,243
19a,260
19a,259
19a,263
19a,258
19a,262
19a,265
19a,261
19a,257
19a,264
19b,273
19b,266
19b,272
19b,274
19b,267
19b,270
19b,268
19b,269
19b,271
19c,277
19c,276
19c,258
19c,278
19c,275
19c,279
19c,265
19c,257
19c,280
19d,282
19d,285
19d,99
19d,286
19d,281
19d,283
19d,284
19d,101
19d,287
20a,288
20a,294
20a,293
20a,295
20a,292
20a,290
20a,296
20a,289
20a,291
20b,288
20b,294
20b,293
20b,295
20b,292
20b,290
20b,296
20b,289
20b,291
20c,288
20c,294
20c,293
20c,295
20c,292
20c,290
20c,296
20c,289
20c,291
21a,117
21a,299
21a,297
21a,300
21a,298
21a,119
21a,120
21a,118
21b,117
21b,299
21b,297
21b,300
21b,298
21b,119
21b,120
21b,118
21c,303
21c,117
21c,302
21c,121
21c,301
21c,119
21c,120
21c,118
22a,304
22a,179
22a,309
22a,311
22a,178
22a,306
22a,307
22a,308
22a,310
22a,305
22b,304
22b,179
22b,309
22b,311
22b,178
22b,306
22b,307
22b,308
22b,310
22b,305
22c,304
22c,179
22c,309
22c,311
22c,178
22c,306
22c,307
22c,308
22c,310
22c,305
22d,313
22d,304
22d,310
22d,179
22d,309
22d,311
22d,178
22d,312
22d,315
22d,314
23a,319
23a,322
23a,323
23a,324
23a,317
23a,320
23a,321
23a,318
23a,316
23a,325
23b,319
23b,322
23b,323
23b,324
23b,317
23b,320
23b,321
23b,318
23b,316
23b,325
23c,326
23c,330
23c,331
23c,329
23c,317
23c,327
23c,332
23c,333
23c,316
23c,328
24a,342
24a,341
24a,336
24a,340
24a,343
24a,339
24a,335
24a,338
24a,334
24a,344
24a,337
24b,346
24b,351
24b,355
24b,347
24b,354
24b,352
24b,353
24b,350
24b,348
24b,345
24b,349
25a,356
25a,363
25a,360
25a,357
25a,362
25a,361
25a,359
25a,358
25b,364
25b,356
25b,368
25b,365
25b,367
25b,369
25b,366
25b,370
25c,374
25c,375
25c,376
25c,371
25c,373
25c,377
25c,372
25c,378
26a,288
26a,385
26a,380
26a,383
26a,379
26a,384
26a,290
26a,386
26a,289
26a,381
26a,382
26b,288
26b,385
26b,387
26b,383
26b,389
26b,290
26b,388
26b,386
26b,289
26b,291
26b,384
26c,288
26c,385
26c,387
26c,383
26c,389
26c,290
26c,388
26c,386
26c,289
26c,291
26c,384
27a,390
27a,395
27a,117
27a,297
27a,394
27a,392
27a,393
27a,119
27a,391
27a,120
27a,118
27b,400
27b,399
27b,396
27b,405
27b,117
27b,404
27b,403
27b,401
27b,397
27b,402
27b,398
27c,411
27c,117
27c,407
27c,406
27c,297
27c,408
27c,409
27c,410
27c,298
27c,120
27c,118
28a,414
28a,421
28a,412
28a,420
28a,422
28a,413
28a,418
28a,419
28a,416
28a,415
28a,423
28a,417
28a,424
28b,433
28b,414
28b,425
28b,427
28b,431
28b,412
28b,429
28b,413
28b,430
28b,426
28b,415
28b,432
28b,428
28c,438
28c,439
28c,445
28c,434
28c,436
28c,435
28c,441
28c,442
28c,443
28c,444
28c,440
28c,446
28c,437
29a,451
29a,452
29a,450
29a,454
29a,448
29a,447
29a,455
29a,460
29a,453
29a,459
29a,449
29a,458
29a,461
29a,457
29a,456
29a,316
29b,288
29b,470
29b,472
29b,474
29b,476
29b,471
29b,468
29b,467
29b,469
29b,464
29b,463
29b,465
29b,462
29b,475
29b,466
29b,473
29c,486
29c,447
29c,481
29c,479
29c,483
29c,480
29c,478
29c,488
29c,489
29c,485
29c,482
29c,487
29c,316
29c,477
29c,484
29c,490
30a,494
30a,500
30a,492
30a,497
30a,501
30a,495
30a,496
30a,493
30a,491
30a,498
30a,499
30b,510
30b,506
30b,509
30b,504
30b,507
30b,502
30b,508
30b,505
30b,503
30b,511
30b,316
30c,288
30c,515
30c,520
30c,516
30c,513
30c,518
30c,512
30c,514
30c,517
30c,462
30c,519
31a,525
31a,521
31a,522
31a,526
31a,371
31a,373
31a,523
31a,527
31a,372
31a,524
31b,530
31b,533
31b,529
31b,531
31b,534
31b,371
31b,528
31b,535
31b,536
31b,532
31c,525
31c,521
31c,522
31c,526
31c,371
31c,373
31c,523
31c,527
31c,372
31c,524
32a,541
32a,540
32a,538
32a,537
32a,539
32b,544
32b,9
32b,543
32b,545
32b,542
33a,552
33a,551
33a,550
33a,547
33a,549
33a,548
33a,546
33b,558
33b,117
33b,556
33b,555
33b,557
33b,553
33b,554
33c,552
33c,551
33c,550
33c,547
33c,549
33c,548
33c,546
